condition_id,title,slug,outcome,side,icon_url,usdc_size,tracker_size,price,event_timestamp,first_seen_at,last_updated_at,type
0x8fad1dc1a58b7112df3c741543828312ce96edd650b92b7a63f656a5ee6a9963,"Will the price of Ethereum be above $2,500 on February 13?",ethereum-above-2500-on-february-13,No,BUY,https://polymarket-upload.s3.us-east-2.amazonaws.com/ETH+fullsize.jpg,1013.8491,,0.99,2026-02-10T17:13:35+00:00,2026-02-28T20:02:27.103963+00:00,2026-02-28T20:02:27.103963+00:00,TRADE
0xfdfc2e660baab24d21603bbbe11717a145a3e633c51e471176d4825227528e1a,Will the price of Solana be above $110 on February 13?,solana-above-110-on-february-13,No,BUY,https://polymarket-upload.s3.us-east-2.amazonaws.com/SOL-logo.png,1150.4097,,0.99,2026-02-10T18:34:31+00:00,2026-02-28T20:02:27.103958+00:00,2026-02-28T20:02:27.103958+00:00,TRADE
0x3d99f00b20b4cefb23d6ff7c9a591146e0277f46a83aeee1038eafbc54a3ae32,"Will the price of Bitcoin be above $76,000 on February 13?",bitcoin-above-76k-on-february-13,No,BUY,https://polymarket-upload.s3.us-east-2.amazonaws.com/BTC+fullsize.png,1923.316,,0.97,2026-02-10T18:34:41+00:00,2026-02-28T20:02:27.103954+00:00,2026-02-28T20:02:27.103954+00:00,TRADE
0x3419e78e530e9cd4d442539b1cc33d2b9e4ef0626a5d8e729b7c791ddfb5f50a,Will the price of XRP be above $1.00 on February 13?,xrp-above-1-on-february-13,No,SELL,https://polymarket-upload.s3.us-east-2.amazonaws.com/XRP-logo.png,12.98096,,0.010154703047750173,2026-02-11T02:18:27+00:00,2026-02-28T20:02:27.103949+00:00,2026-02-28T20:02:27.103949+00:00,TRADE
0xcbef27c6b86cb2648182dfac1d75321e38afe9bfcaea36dece8d72a08e51ad81,"Will the price of Ethereum be above $2,400 on February 13?",ethereum-above-2400-on-february-13,No,BUY,https://polymarket-upload.s3.us-east-2.amazonaws.com/ETH+fullsize.jpg,1165.7448,,0.99,2026-02-11T04:17:19+00:00,2026-02-28T20:02:27.103944+00:00,2026-02-28T20:02:27.103944+00:00,TRADE
0x85cd8c640cd4a0b7018dc36523d097390a8ec1aa185a8fb0f1b37e20195db4de,"Will Bitcoin reach $105,000 in February?",will-bitcoin-reach-105k-in-february-2026,,,https://polymarket-upload.s3.us-east-2.amazonaws.com/BTC+fullsize.png,948.87,,,2026-02-11T05:12:57+00:00,2026-02-28T20:02:27.103938+00:00,2026-02-28T20:02:27.103938+00:00,MERGE
0x6f21338ba1400e55328eedf17454a274dd227cde9299d9fcf015df0f2dbf1ced,"Will Ethereum reach $3,200 in February?",will-ethereum-reach-3200-in-february-2026,No,BUY,https://polymarket-upload.s3.us-east-2.amazonaws.com/ETH+fullsize.jpg,5905.61019,,0.981,2026-02-11T07:43:29+00:00,2026-02-28T20:02:27.103933+00:00,2026-02-28T20:02:27.103933+00:00,TRADE
0x66f5c519952b19ddaab780a15d073147573e8cf6b8b3eaa9cfa6e4f61ab4578b,Will the price of Solana be above $50 on February 13?,solana-above-50-on-february-13,Yes,BUY,https://polymarket-upload.s3.us-east-2.amazonaws.com/SOL-logo.png,490.49455,,0.989,2026-02-11T08:13:47+00:00,2026-02-28T20:02:27.103929+00:00,2026-02-28T20:02:27.103929+00:00,TRADE
0xe857d6cd180acdb314dd38e583e625172407fa83d54156c78679e601b312d068,"Will Bitcoin hit $150k by March 31, 2026?",will-bitcoin-hit-150k-by-march-31-2026,No,BUY,https://polymarket-upload.s3.us-east-2.amazonaws.com/BTC+fullsize.png,1644.8625,,0.98347533632287,2026-02-11T08:32:39+00:00,2026-02-28T20:02:27.103924+00:00,2026-02-28T20:02:27.103924+00:00,TRADE
0xb63f6e7aeaa1d388ae087193a0f949211d5c5fd8386a51e82a038e942b5d0ff5,Will the price of XRP be above $1.80 on February 13?,xrp-above-1pt8-on-february-13,No,BUY,https://polymarket-upload.s3.us-east-2.amazonaws.com/XRP-logo.png,868.26893,,0.9939999885519342,2026-02-11T10:15:19+00:00,2026-02-28T20:02:27.103919+00:00,2026-02-28T20:02:27.103919+00:00,TRADE
0xd36d8e10626476cfee9aac4daf23ad03a72ef6efa74fe81ba6660934917ef79d,Will XRP dip to $0.20 in February?,will-xrp-dip-to-0pt2-in-february-2026,No,BUY,https://polymarket-upload.s3.us-east-2.amazonaws.com/XRP-logo.png,1063.86295,,0.9911520365953641,2026-02-11T14:56:11+00:00,2026-02-28T20:02:27.103914+00:00,2026-02-28T20:02:27.103914+00:00,TRADE
0xa5f25c30dce95be944f91c456d273da1580b71aa96d0363544a920080e0d8a0d,Will XRP reach $4.00 in February?,will-xrp-reach-4-in-february-2026,No,BUY,https://polymarket-upload.s3.us-east-2.amazonaws.com/XRP-logo.png,2911.10928,,0.9938715082654503,2026-02-11T17:00:15+00:00,2026-02-28T20:02:27.103909+00:00,2026-02-28T20:02:27.103909+00:00,TRADE
0x441edbfe670b915ce413d0a56df16c78cbf43cf01e6ab7c0448c57d232210aff,"Will the price of Ethereum be above $1,600 on February 13?",ethereum-above-1600-on-february-13,Yes,SELL,https://polymarket-upload.s3.us-east-2.amazonaws.com/ETH+fullsize.jpg,342.876,,0.9768547008547008,2026-02-11T17:04:13+00:00,2026-02-28T20:02:27.103904+00:00,2026-02-28T20:02:27.103904+00:00,TRADE
0x255d3c6a04db129d6435b22724a466fccff4441fb1370339dd3fb6631b139801,"Will Ethereum reach $3,600 in February?",will-ethereum-reach-3600-in-february-2026,No,BUY,https://polymarket-upload.s3.us-east-2.amazonaws.com/ETH+fullsize.jpg,6032.89011,,0.989,2026-02-11T18:16:01+00:00,2026-02-28T20:02:27.103899+00:00,2026-02-28T20:02:27.103899+00:00,TRADE
0x09b12ce0abe06c7167ffedc12ad126e631a61d28e7f8cd9d1a61d39bd9da4866,"Will the price of Bitcoin be above $74,000 on February 13?",bitcoin-above-74k-on-february-13,No,BUY,https://polymarket-upload.s3.us-east-2.amazonaws.com/BTC+fullsize.png,490,,0.98,2026-02-11T19:21:29+00:00,2026-02-28T20:02:27.103894+00:00,2026-02-28T20:02:27.103894+00:00,TRADE
0x435c1685493bfeb01cc030084807929c8e3b137a43c7907840e752c51eb6058b,"Will Ethereum reach $3,400 in February?",will-ethereum-reach-3400-in-february-2026,No,BUY,https://polymarket-upload.s3.us-east-2.amazonaws.com/ETH+fullsize.jpg,4578.30955,,0.985,2026-02-12T02:32:51+00:00,2026-02-28T20:02:27.103888+00:00,2026-02-28T20:02:27.103888+00:00,TRADE
0xdbdfa5be80eb7b5f82bffcf6a518ca61929520251d839a83748186e001a08c43,Will the price of XRP be above $1.60 on February 13?,xrp-above-1pt6-on-february-13,No,BUY,https://polymarket-upload.s3.us-east-2.amazonaws.com/XRP-logo.png,1341.45,,0.99,2026-02-12T08:30:39+00:00,2026-02-28T20:02:27.103882+00:00,2026-02-28T20:02:27.103882+00:00,TRADE
0x1230155c6e0ff599a1287becb04fd209189fced6016f9776f65b5960d8bdee2f,Will the price of Solana be above $100 on February 13?,solana-above-100-on-february-13,No,BUY,https://polymarket-upload.s3.us-east-2.amazonaws.com/SOL-logo.png,898.77215,,0.9944699978976952,2026-02-12T12:13:07+00:00,2026-02-28T20:02:27.103877+00:00,2026-02-28T20:02:27.103877+00:00,TRADE
0x12bc60f20af9a0763af1e24895ce72539e5965f05501119f22d139db97f00466,Will the price of XRP be above $1.70 on February 13?,xrp-above-1pt7-on-february-13,No,BUY,https://polymarket-upload.s3.us-east-2.amazonaws.com/XRP-logo.png,635.405,,0.9943740219092332,2026-02-12T14:43:17+00:00,2026-02-28T20:02:27.103872+00:00,2026-02-28T20:02:27.103872+00:00,TRADE
0x90d82983e7d79519512957c8e4ea9b32f63b86fe434eb2ca38dddc69584b9fbd,Will Solana dip to $20 in February?,will-solana-dip-to-20-in-february-2026,No,BUY,https://polymarket-upload.s3.us-east-2.amazonaws.com/SOL-logo.png,1977.99011,,0.989,2026-02-12T21:35:59+00:00,2026-02-28T20:02:27.103867+00:00,2026-02-28T20:02:27.103867+00:00,TRADE
0x9ff22d820361bad5005ee7c3e25962c7d68106b0674f1c10c34d0bee2fd284b8,"Will Bitcoin reach $95,000 in February?",will-bitcoin-reach-95k-in-february-2026,No,BUY,https://polymarket-upload.s3.us-east-2.amazonaws.com/BTC+fullsize.png,9900,,0.99,2026-02-13T03:34:59+00:00,2026-02-28T20:02:27.103863+00:00,2026-02-28T20:02:27.103863+00:00,TRADE
0x724f03490f77fbe76923e8c773dc68ae162eeb8d12cc356709b17c3703d4a0a9,"Will the price of Bitcoin be above $60,000 on February 13?",bitcoin-above-60k-on-february-13,No,SELL,https://polymarket-upload.s3.us-east-2.amazonaws.com/BTC+fullsize.png,10.58484,,0.014,2026-02-13T05:44:53+00:00,2026-02-28T20:02:27.103857+00:00,2026-02-28T20:02:27.103857+00:00,TRADE
0xd43e6adf6cbe3a460e38c70a40d8ff91b5157b967594b5a4ecafeea176ab0b80,Will the price of XRP be above $1.10 on February 13?,xrp-above-1pt1-on-february-13,No,SELL,https://polymarket-upload.s3.us-east-2.amazonaws.com/XRP-logo.png,1.37,,0.02490909090909091,2026-02-13T07:05:15+00:00,2026-02-28T20:02:27.103853+00:00,2026-02-28T20:02:27.103853+00:00,TRADE
0xfdba5ec43d371a8b9ba1789de5d1bfad102a6b9cf577292ca19e32c4bf8794dc,"Will the price of Bitcoin be above $62,000 on February 13?",bitcoin-above-62k-on-february-13,No,SELL,https://polymarket-upload.s3.us-east-2.amazonaws.com/BTC+fullsize.png,2.19912,,0.012,2026-02-13T12:03:37+00:00,2026-02-28T20:02:27.103847+00:00,2026-02-28T20:02:27.103847+00:00,TRADE
0x9fea74df291cd0dc43304940b2cb91ec5cb9c44b0fe538e9180b87c388e06704,"Solana all time high by March 31, 2026?",solana-all-time-high-by-march-31-2026,No,BUY,https://polymarket-upload.s3.us-east-2.amazonaws.com/SOL-logo.png,641.4732,,0.9870336974919218,2026-02-13T13:00:27+00:00,2026-02-28T20:02:27.103843+00:00,2026-02-28T20:02:27.103843+00:00,TRADE
0x2608346a6dc4bec293b31cf52e9f7fb8908b45f4c29b47bc6d800ec4d7d5f9be,"Will the price of Ethereum be above $1,700 on February 13?",ethereum-above-1700-on-february-13,No,SELL,https://polymarket-upload.s3.us-east-2.amazonaws.com/ETH+fullsize.jpg,2.3644,,0.004,2026-02-13T13:24:53+00:00,2026-02-28T20:02:27.103837+00:00,2026-02-28T20:02:27.103837+00:00,TRADE
0x8d1fce5655ae29eac34e619e3ccbcb72232617acdc320b3009b37a74b5ab2e58,"Will the price of Bitcoin be above $64,000 on February 13?",bitcoin-above-64k-on-february-13,Yes,BUY,https://polymarket-upload.s3.us-east-2.amazonaws.com/BTC+fullsize.png,1109.21628,,0.9851118847581662,2026-02-13T14:09:13+00:00,2026-02-28T20:02:27.103832+00:00,2026-02-28T20:02:27.103832+00:00,TRADE
0xbec1d01463252e3b8cbf199c2d8ea646e5a1a7643bf5e6837995591679d853ea,Will the price of Solana be above $90 on February 13?,solana-above-90-on-february-13,Yes,SELL,https://polymarket-upload.s3.us-east-2.amazonaws.com/SOL-logo.png,3.985,,0.005063532401524778,2026-02-13T15:38:31+00:00,2026-02-28T20:02:27.103827+00:00,2026-02-28T20:02:27.103827+00:00,TRADE
0x58c931c00e31fd20d02aade0c1e287e46a15b6da514c3ac3624e956e41bc45d0,"Will the price of Bitcoin be above $72,000 on February 13?",bitcoin-above-72k-on-february-13,No,BUY,https://polymarket-upload.s3.us-east-2.amazonaws.com/BTC+fullsize.png,4386.49608,,0.984062079083979,2026-02-13T15:42:07+00:00,2026-02-28T20:02:27.103819+00:00,2026-02-28T20:02:27.103819+00:00,TRADE
0x28ccbe6d769f5c53cd6e889b3c0a3f806e3fab06f508e98d720b144c42bc6960,"Will the price of Bitcoin be above $66,000 on February 13?",bitcoin-above-66k-on-february-13,Yes,SELL,https://polymarket-upload.s3.us-east-2.amazonaws.com/BTC+fullsize.png,1926.71768,,0.9913036910507198,2026-02-13T15:49:47+00:00,2026-02-28T20:02:27.103811+00:00,2026-02-28T20:02:27.103811+00:00,TRADE
0x260682db2c9ee67607a14d0dc074dec0aa96ec2c4a83ba471662b768f366ba7a,"Will the price of Ethereum be above $1,800 on February 13?",ethereum-above-1800-on-february-13,No,SELL,https://polymarket-upload.s3.us-east-2.amazonaws.com/ETH+fullsize.jpg,4.23759,,0.0010019127556448752,2026-02-13T16:00:45+00:00,2026-02-28T20:02:27.103794+00:00,2026-02-28T20:02:27.103794+00:00,TRADE
0xba4d420522e6c549e2dd961881f4c18e5dd5739482933a4225fb056e4850579a,Will the price of Solana be above $70 on February 13?,solana-above-70-on-february-13,No,SELL,https://polymarket-upload.s3.us-east-2.amazonaws.com/SOL-logo.png,5.56526,,0.001,2026-02-13T16:00:45+00:00,2026-02-28T20:02:27.103802+00:00,2026-02-28T20:02:27.103802+00:00,TRADE
0x36a4a930738749fa2ea2a76f382f64fefeacfaa2355d00fc1b4e826ed7eecbb7,Will the price of XRP be above $1.30 on February 13?,xrp-above-1pt3-on-february-13,Yes,BUY,https://polymarket-upload.s3.us-east-2.amazonaws.com/XRP-logo.png,6179.49432,,0.999,2026-02-13T16:06:37+00:00,2026-02-28T20:02:27.103770+00:00,2026-02-28T20:02:27.103770+00:00,TRADE
0x48f0574aa2f6343137ec5ef11c355d0e0340ed66602e2713fc0f3e421738f88e,Will the price of XRP be above $1.20 on February 13?,xrp-above-1pt2-on-february-13,Yes,BUY,https://polymarket-upload.s3.us-east-2.amazonaws.com/XRP-logo.png,3431.69487,,0.999,2026-02-13T16:06:37+00:00,2026-02-28T20:02:27.103779+00:00,2026-02-28T20:02:27.103779+00:00,TRADE
0x921baefa5ce4625f35d20408d54b9c3a4e8a7ac618ff8421d711a92885494655,"Will the price of Ethereum be above $1,900 on February 13?",ethereum-above-1900-on-february-13,Yes,BUY,https://polymarket-upload.s3.us-east-2.amazonaws.com/ETH+fullsize.jpg,1896.2,,0.998,2026-02-13T16:06:37+00:00,2026-02-28T20:02:27.103787+00:00,2026-02-28T20:02:27.103787+00:00,TRADE
0x9243d310f301ff52c9ec17045d3154769d213fcca83700fa5f0220a028af9823,Will the price of XRP be above $1.50 on February 13?,xrp-above-1pt5-on-february-13,No,BUY,https://polymarket-upload.s3.us-east-2.amazonaws.com/XRP-logo.png,9990,,0.999,2026-02-13T16:34:17+00:00,2026-02-28T20:02:27.103762+00:00,2026-02-28T20:02:27.103762+00:00,TRADE
0x39f88c4407ff024a1d9909c933a19ad215e4049e9b27f9bc56532e3934d58b21,"Will the price of Ethereum be above $2,200 on February 13?",ethereum-above-2200-on-february-13,No,BUY,https://polymarket-upload.s3.us-east-2.amazonaws.com/ETH+fullsize.jpg,6230.02374,,0.999,2026-02-13T16:34:19+00:00,2026-02-28T20:02:27.103747+00:00,2026-02-28T20:02:27.103747+00:00,TRADE
0x02330ccbfc1a90b7330ed35f27fadb01b64f5e523bfaaa5329ff0da249f836c1,"Will the price of Bitcoin be above $68,000 on February 13?",bitcoin-above-68k-on-february-13,No,BUY,https://polymarket-upload.s3.us-east-2.amazonaws.com/BTC+fullsize.png,11.53395,,0.019,2026-02-13T16:34:55+00:00,2026-02-28T20:02:27.103739+00:00,2026-02-28T20:02:27.103739+00:00,TRADE
0x091a562f6b4b504a03c3ef40e578ae3b0ca52c9512a65e51885760d74c904e78,"Will the price of Bitcoin be above $70,000 on February 13?",bitcoin-above-70k-on-february-13,Yes,BUY,https://polymarket-upload.s3.us-east-2.amazonaws.com/BTC+fullsize.png,19.5005,,0.025,2026-02-13T16:43:39+00:00,2026-02-28T20:02:27.103729+00:00,2026-02-28T20:02:27.103729+00:00,TRADE
0x6dfee6b69d04a168ada1bcc70d628982cc054b79963c51d16f39dbb8a661232c,Will the price of XRP be above $1.40 on February 13?,xrp-above-1pt4-on-february-13,No,SELL,https://polymarket-upload.s3.us-east-2.amazonaws.com/XRP-logo.png,0.7262,,0.02,2026-02-13T16:51:17+00:00,2026-02-28T20:02:27.103719+00:00,2026-02-28T20:02:27.103719+00:00,TRADE
0xd2f5af09ea272c5f902a755708b0f1e8a5143ad9650ce8efc94e41a330d5ac1a,"Will the price of Ethereum be above $2,000 on February 13?",ethereum-above-2000-on-february-13,No,SELL,https://polymarket-upload.s3.us-east-2.amazonaws.com/ETH+fullsize.jpg,1.99875,,0.0013219595756501494,2026-02-13T16:54:27+00:00,2026-02-28T20:02:27.103709+00:00,2026-02-28T20:02:27.103709+00:00,TRADE
0x39eaac19958bb2627f56a1c9522d4989a28d382977dce994638ea3eebefe50ef,"Will the price of Ethereum be above $2,100 on February 13?",ethereum-above-2100-on-february-13,No,BUY,https://polymarket-upload.s3.us-east-2.amazonaws.com/ETH+fullsize.jpg,826.6797,,0.99,2026-02-13T16:55:33+00:00,2026-02-28T20:02:27.103699+00:00,2026-02-28T20:02:27.103699+00:00,TRADE
0x6b624704dcd6cb0659f5ddeb33de274b29c4e787a4286938e29be3e75c693d45,Will the price of Solana be above $80 on February 13?,solana-above-80-on-february-13,,,https://polymarket-upload.s3.us-east-2.amazonaws.com/SOL-logo.png,4.9,,,2026-02-13T18:23:37+00:00,2026-02-28T20:02:27.103688+00:00,2026-02-28T20:02:27.103688+00:00,MERGE
0x4d2a284d8c525301641dfb7aa3d1765765ea7580a04fb3d9653345ae7a83203c,Will the price of Solana be above $40 on February 20?,solana-above-40-on-february-20,Yes,BUY,https://polymarket-upload.s3.us-east-2.amazonaws.com/SOL-logo.png,1290.46307,,0.9884894330864273,2026-02-14T03:46:35+00:00,2026-02-28T20:02:27.103676+00:00,2026-02-28T20:02:27.103676+00:00,TRADE
0xdfb92dfce22d2ff84660c3726a0e150ab2c7f00319ca4f51b2d04ada3755e860,Will the price of Solana be above $30 on February 20?,solana-above-30-on-february-20,Yes,BUY,https://polymarket-upload.s3.us-east-2.amazonaws.com/SOL-logo.png,548.006,,0.9891805054151624,2026-02-14T04:48:17+00:00,2026-02-28T20:02:27.103665+00:00,2026-02-28T20:02:27.103665+00:00,TRADE
0xcc996e87cf5d75eb06bb692ec45dc11a5b60b8a7fb705f2107cc20f9cb4ab0be,Will the price of XRP be above $1.00 on February 20?,xrp-above-1-on-february-20,Yes,BUY,https://polymarket-upload.s3.us-east-2.amazonaws.com/XRP-logo.png,371.99932,,0.9786365358307902,2026-02-14T16:00:53+00:00,2026-02-28T20:02:27.103654+00:00,2026-02-28T20:02:27.103654+00:00,TRADE
0x4a936c7d15f15cdd53319a0243627132f2919e69a5e285c8a447892d51037ec8,"Will the price of Ethereum be above $2,500 on February 20?",ethereum-above-2500-on-february-20,No,BUY,https://polymarket-upload.s3.us-east-2.amazonaws.com/ETH+fullsize.jpg,238.392,,0.9790225872689938,2026-02-15T02:56:47+00:00,2026-02-28T20:02:27.103644+00:00,2026-02-28T20:02:27.103644+00:00,TRADE
0xeb21572090f3cbe1be0cc75d57ec50ec4627102d4fef0cd1304afd8a03b25887,Will the price of XRP be above $1.10 on February 20?,xrp-above-1pt1-on-february-20,Yes,BUY,https://polymarket-upload.s3.us-east-2.amazonaws.com/XRP-logo.png,1023.1155,,0.99,2026-02-15T07:55:15+00:00,2026-02-28T20:02:27.103633+00:00,2026-02-28T20:02:27.103633+00:00,TRADE
0xd5d00b8244725743f536659a843b4a525b5bb46036c421a7430a887914baf8b7,Will the price of XRP be above $0.90 on February 20?,xrp-above-0pt9-on-february-20,Yes,BUY,https://polymarket-upload.s3.us-east-2.amazonaws.com/XRP-logo.png,490.38881,,0.9931522976284505,2026-02-15T08:17:07+00:00,2026-02-28T20:02:27.103623+00:00,2026-02-28T20:02:27.103623+00:00,TRADE
0x794d3626ba6d3b12b2586d85624cdcc2c98e6eb7c0513b4acf515c78ec1617a5,Will the price of Solana be above $130 on February 20?,solana-above-130-on-february-20,No,BUY,https://polymarket-upload.s3.us-east-2.amazonaws.com/SOL-logo.png,591.05346,,0.9921499001225388,2026-02-15T11:35:23+00:00,2026-02-28T20:02:27.103612+00:00,2026-02-28T20:02:27.103612+00:00,TRADE
0x9d9e16fe3a52c515435989783e9360ab2c3115047f4e5aae8d135652e5d7aeb1,Will the price of Solana be above $120 on February 20?,solana-above-120-on-february-20,No,BUY,https://polymarket-upload.s3.us-east-2.amazonaws.com/SOL-logo.png,490.158,,0.9872265861027191,2026-02-15T12:06:05+00:00,2026-02-28T20:02:27.103602+00:00,2026-02-28T20:02:27.103602+00:00,TRADE
0x44bc1f192e2da2e81ad5944ceb23e00269bff269eeaa9ae56b8956b19686a79f,Will XRP reach $3.20 in February?,will-xrp-reach-3pt2-in-february-2026,No,BUY,https://polymarket-upload.s3.us-east-2.amazonaws.com/XRP-logo.png,8218.39569,,0.993,2026-02-15T14:08:33+00:00,2026-02-28T20:02:27.103591+00:00,2026-02-28T20:02:27.103591+00:00,TRADE
0xaa9b74bcfe07e3564f27f8bd4cd2e1d05cbfcb181755ecbfce7190c8e96f4dc8,"Will the price of Bitcoin be above $78,000 on February 20?",bitcoin-above-78k-on-february-20,No,BUY,https://polymarket-upload.s3.us-east-2.amazonaws.com/BTC+fullsize.png,315.7823,,0.9747871585121161,2026-02-15T15:05:43+00:00,2026-02-28T20:02:27.103580+00:00,2026-02-28T20:02:27.103580+00:00,TRADE
0x8d41bcd45cb8eeb1b1805febcc191e0958ca4745b59af92f980480c2920d1894,"Will the price of Ethereum be above $1,600 on February 20?",ethereum-above-1600-on-february-20,No,BUY,https://polymarket-upload.s3.us-east-2.amazonaws.com/ETH+fullsize.jpg,105.181,,0.022980336464933363,2026-02-15T17:49:31+00:00,2026-02-28T20:02:27.103569+00:00,2026-02-28T20:02:27.103569+00:00,TRADE
0xde5e2f70a6d563b1608078500801fe09f9ada5ca6daf96da99c40f2890122633,Will the price of XRP be above $1.90 on February 20?,xrp-above-1pt9-on-february-20,No,BUY,https://polymarket-upload.s3.us-east-2.amazonaws.com/XRP-logo.png,778.54942,,0.9881322756695012,2026-02-15T18:49:27+00:00,2026-02-28T20:02:27.103558+00:00,2026-02-28T20:02:27.103558+00:00,TRADE
0x0c8fe78554df5d3f85bb054386d6eefa98fec7615851a4f775e5435adf2e71c8,Will XRP reach $2.60 in February?,will-xrp-reach-2pt6-in-february-2026,No,BUY,https://polymarket-upload.s3.us-east-2.amazonaws.com/XRP-logo.png,642.85,,0.989,2026-02-15T23:48:05+00:00,2026-02-28T20:02:27.103547+00:00,2026-02-28T20:02:27.103547+00:00,TRADE
0x2654c25556eef1991d2f6993de99bea5f93e2acbc394e2c406972e448e9c4984,Will Solana dip to $40 in February?,will-solana-dip-to-40-in-february-2026,No,BUY,https://polymarket-upload.s3.us-east-2.amazonaws.com/SOL-logo.png,4104.55842,,0.978,2026-02-16T14:38:07+00:00,2026-02-28T20:02:27.103526+00:00,2026-02-28T20:02:27.103526+00:00,TRADE
0x26ed62413e22f0bf8290d2cc90c2fbd5326163b2069171427874294c31f4f2e4,"Will the price of Ethereum be above $2,400 on February 20?",ethereum-above-2400-on-february-20,No,BUY,https://polymarket-upload.s3.us-east-2.amazonaws.com/ETH+fullsize.jpg,2792.77598,,0.986,2026-02-16T18:50:55+00:00,2026-02-28T20:02:27.103514+00:00,2026-02-28T20:02:27.103514+00:00,TRADE
0xe40cfe88ad95a4d1c83bf6b022c7e77e8a658d25166645f36d0b7275cfaf1767,Will Ethereum dip to $800 in February?,will-ethereum-dip-to-800-in-february-2026,No,BUY,https://polymarket-upload.s3.us-east-2.amazonaws.com/ETH+fullsize.jpg,7439.41684,,0.9899054779063454,2026-02-17T07:52:39+00:00,2026-02-28T20:02:27.103504+00:00,2026-02-28T20:02:27.103504+00:00,TRADE
0xb75203f0772705573adb7134573e6de04d141fdf4a85a8aa6315b0c640ce72fc,Will XRP dip to $0.60 in February?,will-xrp-dip-to-0pt6-in-february-2026,Yes,SELL,https://polymarket-upload.s3.us-east-2.amazonaws.com/XRP-logo.png,19.00066,,0.015930394976231,2026-02-17T13:39:35+00:00,2026-02-28T20:02:27.103493+00:00,2026-02-28T20:02:27.103493+00:00,TRADE
0x4e3139ee71202c2d66c7c64a5ecd23fdda89b7f14a6421d68a9f4dd95df2b20b,"Will Ethereum dip to $1,000 in February?",will-ethereum-dip-to-1000-in-february-2026,Yes,SELL,https://polymarket-upload.s3.us-east-2.amazonaws.com/ETH+fullsize.jpg,63.34489,,0.01217686228751247,2026-02-17T14:32:21+00:00,2026-02-28T20:02:27.103483+00:00,2026-02-28T20:02:27.103483+00:00,TRADE
0xa383343fb323a197083db9c623dc88ed8fda6d3a91014ea97fbebefecebe7877,Will the price of Solana be above $110 on February 20?,solana-above-110-on-february-20,Yes,SELL,https://polymarket-upload.s3.us-east-2.amazonaws.com/SOL-logo.png,16.62162,,0.014731169072877616,2026-02-17T14:41:49+00:00,2026-02-28T20:02:27.103473+00:00,2026-02-28T20:02:27.103473+00:00,TRADE
0x089baafcd3549e8913390524cb19a87200d6e394942c3eded7c64be6153045b8,Will XRP reach $3.00 in February?,will-xrp-reach-3-in-february-2026,No,BUY,https://polymarket-upload.s3.us-east-2.amazonaws.com/XRP-logo.png,1525.68608,,0.992,2026-02-17T15:13:39+00:00,2026-02-28T20:02:27.103463+00:00,2026-02-28T20:02:27.103463+00:00,TRADE
0xdf7ada2659d9f877d7a9ace47d430ea6c5a1ae43ac1f67d4c611b0a1fd65c94b,"Will the price of Bitcoin be above $74,000 on February 20?",bitcoin-above-74k-on-february-20,Yes,SELL,https://polymarket-upload.s3.us-east-2.amazonaws.com/BTC+fullsize.png,52.4541,,0.03,2026-02-17T15:30:55+00:00,2026-02-28T20:02:27.103452+00:00,2026-02-28T20:02:27.103452+00:00,TRADE
0xaa205ef7a6bb7f80010c1f0867e2e58538a802fb95ee44bf4b0aafb6123dc06f,Will the price of XRP be above $1.70 on February 20?,xrp-above-1pt7-on-february-20,Yes,BUY,https://polymarket-upload.s3.us-east-2.amazonaws.com/XRP-logo.png,131.51952,,0.048,2026-02-17T16:05:59+00:00,2026-02-28T20:02:27.103442+00:00,2026-02-28T20:02:27.103442+00:00,TRADE
0xed58224573351c1fe69b3411f0262249aebceb57d7449895149528d743c0fde5,"Will the price of Bitcoin be above $76,000 on February 20?",bitcoin-above-76k-on-february-20,No,BUY,https://polymarket-upload.s3.us-east-2.amazonaws.com/BTC+fullsize.png,1393.5729,,0.9871523896550991,2026-02-18T03:03:52+00:00,2026-02-28T20:02:27.103431+00:00,2026-02-28T20:02:27.103431+00:00,TRADE
0x5185e7d39547edb3964e6a143c566fc02352bdfc067d6abd8a493f35e4a1801b,Will the price of XRP be above $1.80 on February 20?,xrp-above-1pt8-on-february-20,Yes,SELL,https://polymarket-upload.s3.us-east-2.amazonaws.com/XRP-logo.png,6.28276,,0.01049786124849619,2026-02-18T12:34:50+00:00,2026-02-28T20:02:27.103421+00:00,2026-02-28T20:02:27.103421+00:00,TRADE
0xa09a7b2a5bca7df1c3dfcb7b597592798f417ae1f772dda909d92e9c1a3f2530,"Will Bitcoin dip to $40,000 in February?",will-bitcoin-dip-to-40k-in-february-2026-785-212-222,No,BUY,https://polymarket-upload.s3.us-east-2.amazonaws.com/BTC+fullsize.png,3948,,0.987,2026-02-18T17:01:26+00:00,2026-02-28T20:02:27.103411+00:00,2026-02-28T20:02:27.103411+00:00,TRADE
0x0e13edb4717e0e99e672de5c35e4c50dc40ad4a3ea129a30df721f903e23941b,Will Solana dip to $30 in February?,will-solana-dip-to-30-in-february-2026,No,BUY,https://polymarket-upload.s3.us-east-2.amazonaws.com/SOL-logo.png,4983.8576,,0.992,2026-02-18T17:30:48+00:00,2026-02-28T20:02:27.103401+00:00,2026-02-28T20:02:27.103401+00:00,TRADE
0x6060f70ca534ef172e7dada59612c23959ee7df7fcd1c4812e124bf396ec0a0c,Will Solana reach $140 in February?,will-solana-reach-140-in-february-2026,No,BUY,https://polymarket-upload.s3.us-east-2.amazonaws.com/SOL-logo.png,7979.0535,,0.99,2026-02-18T18:19:54+00:00,2026-02-28T20:02:27.103391+00:00,2026-02-28T20:02:27.103391+00:00,TRADE
0xabadba576e6b6e52268a28149bdb864befede61aef72a45a7dced2dadabfed67,"Will the price of Ethereum be above $2,300 on February 20?",ethereum-above-2300-on-february-20,Yes,SELL,https://polymarket-upload.s3.us-east-2.amazonaws.com/ETH+fullsize.jpg,19.9319,,0.008062446656608109,2026-02-18T18:22:10+00:00,2026-02-28T20:02:27.103380+00:00,2026-02-28T20:02:27.103380+00:00,TRADE
0x8cd13523e8d2df6f6eb1cbb0d4f92e2a132ce5aa253a518fe0409d4b3ffcfe76,Will the price of XRP be above $1.20 on February 20?,xrp-above-1pt2-on-february-20,No,BUY,https://polymarket-upload.s3.us-east-2.amazonaws.com/XRP-logo.png,63.56608,,0.023996617540468713,2026-02-18T19:22:32+00:00,2026-02-28T20:02:27.103369+00:00,2026-02-28T20:02:27.103369+00:00,TRADE
0xa3e2c344db31638e7205b3e28530f4f9bd0fa2591765fd8394dbbbb4f6ec2d05,"Will the price of Ethereum be above $2,200 on February 20?",ethereum-above-2200-on-february-20,Yes,SELL,https://polymarket-upload.s3.us-east-2.amazonaws.com/ETH+fullsize.jpg,19.995,,0.015,2026-02-18T19:34:26+00:00,2026-02-28T20:02:27.103358+00:00,2026-02-28T20:02:27.103358+00:00,TRADE
0x54c0b36becf92de406a10ad577062f2270f3956cd999e94004303b42b69c068c,"Will the price of Bitcoin be above $60,000 on February 20?",bitcoin-above-60k-on-february-20,No,BUY,https://polymarket-upload.s3.us-east-2.amazonaws.com/BTC+fullsize.png,48.47491,,0.024916171511986513,2026-02-18T19:42:12+00:00,2026-02-28T20:02:27.103347+00:00,2026-02-28T20:02:27.103347+00:00,TRADE
0xe767af3b2b268c134e51038d1c2d58cacdc6c9ae44ee4dffd38919c0d1f12587,Will XRP reach $2.40 in February?,will-xrp-reach-2pt4-in-february-2026,No,BUY,https://polymarket-upload.s3.us-east-2.amazonaws.com/XRP-logo.png,444.0513,,0.987,2026-02-18T20:34:34+00:00,2026-02-28T20:02:27.103336+00:00,2026-02-28T20:02:27.103336+00:00,TRADE
0x066ef54b2e6bdf820229f5aab1c687811959e4f2c3beb5eac4f73aee99fd7ff0,Will XRP reach $2.80 in February?,will-xrp-reach-2pt8-in-february-2026,No,BUY,https://polymarket-upload.s3.us-east-2.amazonaws.com/XRP-logo.png,1559.23014,,0.9922680319209867,2026-02-18T22:57:32+00:00,2026-02-28T20:02:27.103326+00:00,2026-02-28T20:02:27.103326+00:00,TRADE
0x2c77b523cc7e57c0a09155f99dc2117781be470148616eedabd162f228da9870,"Will Bitcoin dip to $35,000 in February?",will-bitcoin-dip-to-35k-in-february-2026-579-178-738,No,BUY,https://polymarket-upload.s3.us-east-2.amazonaws.com/BTC+fullsize.png,1197.56468,,0.988,2026-02-18T23:41:52+00:00,2026-02-28T20:02:27.103305+00:00,2026-02-28T20:02:27.103305+00:00,TRADE
0x8d009dbc493654a6cf2b467211292de68b6c481b34f09e220a1ca934b155f40d,Will the price of Solana be above $70 on February 20?,solana-above-70-on-february-20,No,SELL,https://polymarket-upload.s3.us-east-2.amazonaws.com/SOL-logo.png,13.155,,0.03177536231884058,2026-02-19T03:50:04+00:00,2026-02-28T20:02:27.103294+00:00,2026-02-28T20:02:27.103294+00:00,TRADE
0x3fca679e2c96a368818c1c80edc9c14fc29cb8529a18af451cf15a6c0a691f07,Will the price of Solana be above $50 on February 20?,solana-above-50-on-february-20,Yes,BUY,https://polymarket-upload.s3.us-east-2.amazonaws.com/SOL-logo.png,296.7,,0.989,2026-02-19T03:50:12+00:00,2026-02-28T20:02:27.103285+00:00,2026-02-28T20:02:27.103285+00:00,TRADE
0x184a77dc3f70e4ad31b32a9e47792d0f13d18850a75229236afc6217b927d654,Will the price of Solana be above $100 on February 20?,solana-above-100-on-february-20,Yes,SELL,https://polymarket-upload.s3.us-east-2.amazonaws.com/SOL-logo.png,2.8267,,0.009823457862728063,2026-02-19T03:52:52+00:00,2026-02-28T20:02:27.103275+00:00,2026-02-28T20:02:27.103275+00:00,TRADE
0x8548697ce216b85c30abef80531049ccf4d7be367ba3a4e38615f587ccaacd69,Will the price of XRP be above $1.60 on February 20?,xrp-above-1pt6-on-february-20,Yes,SELL,https://polymarket-upload.s3.us-east-2.amazonaws.com/XRP-logo.png,6.172,,0.03021047479197259,2026-02-19T05:09:08+00:00,2026-02-28T20:02:27.103264+00:00,2026-02-28T20:02:27.103264+00:00,TRADE
0xb20be05cc37d0413d7abfd47bbb16429a45e40d6e81f9ddf42d2cfcf85d9e7f7,"Will the price of Ethereum be above $1,700 on February 20?",ethereum-above-1700-on-february-20,No,BUY,https://polymarket-upload.s3.us-east-2.amazonaws.com/ETH+fullsize.jpg,16.24366,,0.019020901884097004,2026-02-19T17:54:28+00:00,2026-02-28T20:02:27.103254+00:00,2026-02-28T20:02:27.103254+00:00,TRADE
0xe5dfb26548c8a4b27c971fa21c8adcbfb2174c110ae640d8324848d3ceb975c9,"Will the price of Bitcoin be above $62,000 on February 20?",bitcoin-above-62k-on-february-20,No,BUY,https://polymarket-upload.s3.us-east-2.amazonaws.com/BTC+fullsize.png,30.024,,0.024,2026-02-19T18:01:38+00:00,2026-02-28T20:02:27.103243+00:00,2026-02-28T20:02:27.103243+00:00,TRADE
0xf7cb01116be47a6b01066a0ad355130923a7dba2f0c9f5276bdb3e885d82fcfe,Will the price of XRP be above $1.30 on February 20?,xrp-above-1pt3-on-february-20,No,BUY,https://polymarket-upload.s3.us-east-2.amazonaws.com/XRP-logo.png,4.32095,,0.03216189058429475,2026-02-19T22:03:00+00:00,2026-02-28T20:02:27.103233+00:00,2026-02-28T20:02:27.103233+00:00,TRADE
0x2e150ddea5674a8cf543f90a9bf1c3552aa9c3f784d82d24e21a522a391534fb,"Will Bitcoin reach $90,000 in February?",will-bitcoin-reach-90k-in-february-2026,No,BUY,https://polymarket-upload.s3.us-east-2.amazonaws.com/BTC+fullsize.png,5663.4348,,0.985,2026-02-19T23:16:06+00:00,2026-02-28T20:02:27.103222+00:00,2026-02-28T20:02:27.103222+00:00,TRADE
0x5fb29d64ed9f375baf50c3768d56f72093c18c285abf1f20d56f2ee2458b7639,"Ethereum all time high by March 31, 2026?",ethereum-all-time-high-by-march-31-2026,No,BUY,https://polymarket-upload.s3.us-east-2.amazonaws.com/ETH+fullsize.jpg,894.439,,0.9807445175438596,2026-02-20T01:39:18+00:00,2026-02-28T20:02:27.103211+00:00,2026-02-28T20:02:27.103211+00:00,TRADE
0x15c74250e38574bdf3cd2e9296323dfbbb9062f1505c11eb061e95048b4fa99c,"XRP all time high by March 31, 2026?",xrp-all-time-high-by-march-31-2026,No,BUY,https://polymarket-upload.s3.us-east-2.amazonaws.com/XRP-logo.png,53.87,,0.9794545454545455,2026-02-20T03:08:22+00:00,2026-02-28T20:02:27.103200+00:00,2026-02-28T20:02:27.103200+00:00,TRADE
0xf3fac6e60049709b19e33bd4b08aaf443d015040fe0d6fff9c1fd82cf56a3b11,"Will the price of Bitcoin be above $72,000 on February 20?",bitcoin-above-72k-on-february-20,Yes,SELL,https://polymarket-upload.s3.us-east-2.amazonaws.com/BTC+fullsize.png,37.0027,,0.014,2026-02-20T10:31:12+00:00,2026-02-28T20:02:27.103188+00:00,2026-02-28T20:02:27.103188+00:00,TRADE
0x7d9a0ae2d3879ee4a2b63277231af3ea1743aa493ea83dd1cacb70c8186d3133,"Will the price of Ethereum be above $2,100 on February 20?",ethereum-above-2100-on-february-20,No,BUY,https://polymarket-upload.s3.us-east-2.amazonaws.com/ETH+fullsize.jpg,4538.41308,,0.9935621543756102,2026-02-20T10:35:26+00:00,2026-02-28T20:02:27.103177+00:00,2026-02-28T20:02:27.103177+00:00,TRADE
0x31c568195edc386daa983fc52fd5e349682243de430527f8894610a6a6ded098,Will the price of Solana be above $90 on February 20?,solana-above-90-on-february-20,No,BUY,https://polymarket-upload.s3.us-east-2.amazonaws.com/SOL-logo.png,1028.7361,,0.9937846923693693,2026-02-20T12:48:38+00:00,2026-02-28T20:02:27.103166+00:00,2026-02-28T20:02:27.103166+00:00,TRADE
0xa3a4f205aacfc7df622ac49861865c24e250809dba40f584ad0bb49c18d0a850,Will the price of XRP be above $1.50 on February 20?,xrp-above-1pt5-on-february-20,No,BUY,https://polymarket-upload.s3.us-east-2.amazonaws.com/XRP-logo.png,887.55114,,0.9928087205530325,2026-02-20T13:25:30+00:00,2026-02-28T20:02:27.103156+00:00,2026-02-28T20:02:27.103156+00:00,TRADE
0x154b41be5058f061bb84ba8bb6783f2b0a2b222ab709bcbf903c826e50dba095,"Will the price of Ethereum be above $1,800 on February 20?",ethereum-above-1800-on-february-20,No,SELL,https://polymarket-upload.s3.us-east-2.amazonaws.com/ETH+fullsize.jpg,8.59992,,0.012,2026-02-20T13:39:26+00:00,2026-02-28T20:02:27.103145+00:00,2026-02-28T20:02:27.103145+00:00,TRADE
0xf72dc6af7c18fd59173990722c3762e761a45252cb98348529fdfe8aa1e5a8bf,"Will the price of Bitcoin be above $64,000 on February 20?",bitcoin-above-64k-on-february-20,Yes,BUY,https://polymarket-upload.s3.us-east-2.amazonaws.com/BTC+fullsize.png,493.012,,0.988,2026-02-20T14:19:52+00:00,2026-02-28T20:02:27.103132+00:00,2026-02-28T20:02:27.103132+00:00,TRADE
0x3a3b25c82e82ca041b22604c498abc976fcf094173f6c780a4a296dde2695a07,Will the price of Solana be above $80 on February 20?,solana-above-80-on-february-20,Yes,SELL,https://polymarket-upload.s3.us-east-2.amazonaws.com/SOL-logo.png,2490.91,,0.9290973517344274,2026-02-20T14:30:28+00:00,2026-02-28T20:02:27.103121+00:00,2026-02-28T20:02:27.103121+00:00,TRADE
0x82ecad3cbc6a7860abc91ec0532800d01065187d5accec2b7389abc754efd024,"Will the price of Ethereum be above $1,900 on February 20?",ethereum-above-1900-on-february-20,Yes,BUY,https://polymarket-upload.s3.us-east-2.amazonaws.com/ETH+fullsize.jpg,4544.165,,0.995,2026-02-20T16:05:42+00:00,2026-02-28T20:02:27.103110+00:00,2026-02-28T20:02:27.103110+00:00,TRADE
0x747caf7b6e77b1cc4f4220d5dbd6b7a86aaafeea064058ce02ea70633f8a75ff,Will XRP reach $2.20 in February?,will-xrp-reach-2pt2-in-february-2026,,,https://polymarket-upload.s3.us-east-2.amazonaws.com/XRP-logo.png,2499.81,,,2026-02-20T16:10:20+00:00,2026-02-28T20:02:27.103100+00:00,2026-02-28T20:02:27.103100+00:00,MERGE
0x6c87c5da24dbce78d85255852b1165af0636492d78b722a99611c9c1ae5feae7,"Will the price of Bitcoin be above $70,000 on February 20?",bitcoin-above-70k-on-february-20,,,https://polymarket-upload.s3.us-east-2.amazonaws.com/BTC+fullsize.png,10000,,,2026-02-20T16:10:26+00:00,2026-02-28T20:02:27.103089+00:00,2026-02-28T20:02:27.103089+00:00,MERGE
0x3cc410c43edbe9d5d98cd411820078921c226e9f561b55b8e1c855282de230c7,"Will the price of Ethereum be above $2,000 on February 20?",ethereum-above-2000-on-february-20,No,BUY,https://polymarket-upload.s3.us-east-2.amazonaws.com/ETH+fullsize.jpg,4426.23272,,0.9459520722869422,2026-02-20T16:24:16+00:00,2026-02-28T20:02:27.103078+00:00,2026-02-28T20:02:27.103078+00:00,TRADE
0x0806889461783a2394c4016ebd03c92a207ce2cedd90b7e53cac015bb3abb954,"Will Ethereum reach $3,000 in February?",will-ethereum-reach-3000-in-february-2026,No,BUY,https://polymarket-upload.s3.us-east-2.amazonaws.com/ETH+fullsize.jpg,7179.96326,,0.986,2026-02-20T16:30:48+00:00,2026-02-28T20:02:27.103069+00:00,2026-02-28T20:02:27.103069+00:00,TRADE
0xbaebcbcf028295f37570dcb8086bcc76fcba6b2f93635472f13a3a391346e191,"Will the price of Bitcoin be above $66,000 on February 20?",bitcoin-above-66k-on-february-20,Yes,SELL,https://polymarket-upload.s3.us-east-2.amazonaws.com/BTC+fullsize.png,4870.6,,0.994,2026-02-20T16:32:08+00:00,2026-02-28T20:02:27.103059+00:00,2026-02-28T20:02:27.103059+00:00,TRADE
0x5cda47fddfff62651fd69c41afbfa44dedf2d6e833c490437ea3e2636bff0a46,Will the price of XRP be above $1.40 on February 20?,xrp-above-1pt4-on-february-20,No,SELL,https://polymarket-upload.s3.us-east-2.amazonaws.com/XRP-logo.png,2.9989,,0.01,2026-02-20T16:53:06+00:00,2026-02-28T20:02:27.103048+00:00,2026-02-28T20:02:27.103048+00:00,TRADE
0x619ebacab7045c37a3a96009d726fb41230be0b010507d99da8abc1817c8a133,"Will the price of Bitcoin be above $68,000 on February 20?",bitcoin-above-68k-on-february-20,Yes,SELL,https://polymarket-upload.s3.us-east-2.amazonaws.com/BTC+fullsize.png,80,,0.02,2026-02-20T16:59:56+00:00,2026-02-28T20:02:27.103037+00:00,2026-02-28T20:02:27.103037+00:00,TRADE
0x7f72e2af09127b4ffd41b7b83d2d6c92fd8238e638d1bfaacbbdae356b4bf720,"Will Bitcoin reach $85,000 in February?",will-bitcoin-reach-85k-in-february-2026,No,SELL,https://polymarket-upload.s3.us-east-2.amazonaws.com/BTC+fullsize.png,5969.45171,,0.9860001073633059,2026-02-20T22:34:10+00:00,2026-02-28T20:02:27.103027+00:00,2026-02-28T20:02:27.103027+00:00,TRADE
0xca9f0272f339fb29259eb19962d3e5b562afde486a0ad86a7ce3b01aa6453c0b,Will the price of Solana be above $110 on February 27?,solana-above-110-on-february-27,No,BUY,https://polymarket-upload.s3.us-east-2.amazonaws.com/SOL-logo.png,477.9096,,0.9762820722340252,2026-02-21T02:25:08+00:00,2026-02-28T20:02:27.103017+00:00,2026-02-28T20:02:27.103017+00:00,TRADE
0x5c817cb53aa05581535b07edf73a97d302d43b4b16ee57410a127c7bd7784ec8,Will the price of Solana be above $40 on February 27?,solana-above-40-on-february-27,Yes,BUY,https://polymarket-upload.s3.us-east-2.amazonaws.com/SOL-logo.png,570.76397,,0.9877885327610675,2026-02-21T02:25:10+00:00,2026-02-28T20:02:27.103007+00:00,2026-02-28T20:02:27.103007+00:00,TRADE
0xb15b0fe02cf94654a7bf224ab8b2a82931fbdbb268688789c07abf67dd89651a,Will the price of XRP be above $1.00 on February 27?,xrp-above-1-on-february-27,Yes,BUY,https://polymarket-upload.s3.us-east-2.amazonaws.com/XRP-logo.png,205.8,,0.98,2026-02-21T14:24:18+00:00,2026-02-28T20:02:27.102996+00:00,2026-02-28T20:02:27.102996+00:00,TRADE
0xa368c30830489cf12dd0681941ade696d4c05bb383437301037a3eb648f227b8,Will Dogecoin reach $0.20 in February?,will-dogecoin-reach-0pt2-in-february-2026,No,BUY,https://polymarket-upload.s3.us-east-2.amazonaws.com/dogecoin-up-or-down-on-june-26-bFVnEB4SYmSJ.png,1459.16,,0.989932157394844,2026-02-21T20:10:58+00:00,2026-02-28T20:02:27.102985+00:00,2026-02-28T20:02:27.102985+00:00,TRADE
0xf4fb8e2aeccf28ae8afa753de481fc2a40cf4244ed496fb1ce98d8988454f66c,Will the price of Solana be above $120 on February 27?,solana-above-120-on-february-27,No,BUY,https://polymarket-upload.s3.us-east-2.amazonaws.com/SOL-logo.png,203.68972,,0.988881056413244,2026-02-22T00:46:26+00:00,2026-02-28T20:02:27.102976+00:00,2026-02-28T20:02:27.102976+00:00,TRADE
0x0eed74875566fa0490943cf3e76e8194cef47bd8619d03d6277c0fec08c00dfa,Will the price of Solana be above $130 on February 27?,solana-above-130-on-february-27,No,BUY,https://polymarket-upload.s3.us-east-2.amazonaws.com/SOL-logo.png,281.35393,,0.9908572988202148,2026-02-22T02:36:06+00:00,2026-02-28T20:02:27.102965+00:00,2026-02-28T20:02:27.102965+00:00,TRADE
0xf49dcf1ab067b15fe627fe93157815ca3d8327e608cde9497a1de9d287adff61,Will the price of XRP be above $1.90 on February 27?,xrp-above-1pt9-on-february-27,No,BUY,https://polymarket-upload.s3.us-east-2.amazonaws.com/XRP-logo.png,543.06058,,0.9897763318570361,2026-02-22T02:54:54+00:00,2026-02-28T20:02:27.102955+00:00,2026-02-28T20:02:27.102955+00:00,TRADE
0xa06c227e8c807b500acf95dfcb2bf2f9d26dcb306532cde3626c43fa01dd6ef5,Will the price of XRP be above $0.90 on February 27?,xrp-above-0pt9-on-february-27,Yes,BUY,https://polymarket-upload.s3.us-east-2.amazonaws.com/XRP-logo.png,555.61028,,0.9892640837547183,2026-02-22T03:34:12+00:00,2026-02-28T20:02:27.102944+00:00,2026-02-28T20:02:27.102944+00:00,TRADE
0x4e60a6fa7ef407823122048a4c46dd50b3e542583ae8cb7e86de83f9bca890ea,Will Solana reach $130 in February?,will-solana-reach-130-in-february-2026,No,BUY,https://polymarket-upload.s3.us-east-2.amazonaws.com/SOL-logo.png,1283.1546,,0.993,2026-02-23T00:58:20+00:00,2026-02-28T20:02:27.102934+00:00,2026-02-28T20:02:27.102934+00:00,TRADE
0x895e14efcbd7e6de078363da42597336df26d9195a5a660c79666f04d29e98e5,Will the price of Solana be above $30 on February 27?,solana-above-30-on-february-27,Yes,BUY,https://polymarket-upload.s3.us-east-2.amazonaws.com/SOL-logo.png,144.06,,0.98,2026-02-23T06:53:50+00:00,2026-02-28T20:02:27.102923+00:00,2026-02-28T20:02:27.102923+00:00,TRADE
0xe7f9781a0e5d03db45a47209f86ce8504a2a3e5d1ee0656edae608c0c630438a,Will Dogecoin reach $0.25 in February?,will-dogecoin-reach-0pt25-in-february-2026,No,BUY,https://polymarket-upload.s3.us-east-2.amazonaws.com/dogecoin-up-or-down-on-june-26-bFVnEB4SYmSJ.png,1080.13004,,0.9939907974895551,2026-02-23T13:53:08+00:00,2026-02-28T20:02:27.102911+00:00,2026-02-28T20:02:27.102911+00:00,TRADE
0x78da2936505e0f644351b52b5e11a98c07daf9689b044d45c839379ecea54813,Will the price of XRP be above $1.80 on February 27?,xrp-above-1pt8-on-february-27,No,BUY,https://polymarket-upload.s3.us-east-2.amazonaws.com/XRP-logo.png,324.6804,,0.99,2026-02-24T01:10:00+00:00,2026-02-28T20:02:27.102901+00:00,2026-02-28T20:02:27.102901+00:00,TRADE
0x051fd5e9f9f9f6d132e9fd1afd92e8827fcb4d13a53d73ff3f8a08ce964354e1,"Will the price of Ethereum be above $1,500 on February 27?",ethereum-above-1500-on-february-27,No,BUY,https://polymarket-upload.s3.us-east-2.amazonaws.com/ETH+fullsize.jpg,7.63643,,0.025187776238538163,2026-02-24T01:16:50+00:00,2026-02-28T20:02:27.102890+00:00,2026-02-28T20:02:27.102890+00:00,TRADE
0x39cdafa74d50f6cd7b2d46ddccd49682d77d4a06ce9c1795740881127e7a7aff,"Will Dogecoin dip to $0.06 by December 31, 2026?",will-dogecoin-dip-to-0pt06-by-december-31-2026,Yes,BUY,https://polymarket-upload.s3.us-east-2.amazonaws.com/dogecoin-up-or-down-on-june-26-bFVnEB4SYmSJ.png,25.5683,,0.6949796140255504,2026-02-24T01:18:06+00:00,2026-02-28T20:02:27.102868+00:00,2026-02-28T20:02:27.102868+00:00,TRADE
0xb08e5d3c35323aaef8b46c7bb3466df0b51ee87e1c38faa2ccc5c1a00e88c9a5,"Will Bitcoin dip to $45,000 in February?",will-bitcoin-dip-to-45k-in-february-2026-429-933-793,Yes,BUY,https://polymarket-upload.s3.us-east-2.amazonaws.com/BTC+fullsize.png,10.21865,,0.005,2026-02-24T11:37:58+00:00,2026-02-28T20:02:27.102858+00:00,2026-02-28T20:02:27.102858+00:00,TRADE
0xe8d2b3e5257248c18cf7ee917668503224ff046d330ea38a7e356b2056bd944e,Will Solana dip to $50 in February?,will-solana-dip-to-50-in-february-2026,No,BUY,https://polymarket-upload.s3.us-east-2.amazonaws.com/SOL-logo.png,765.8082,,0.9798080835220512,2026-02-24T12:26:26+00:00,2026-02-28T20:02:27.102846+00:00,2026-02-28T20:02:27.102846+00:00,TRADE
0xa510a53d4273d0f287ce781f271420e80a2696d67731fa40dfec50e265a823b7,Will the price of Solana be above $50 on February 27?,solana-above-50-on-february-27,Yes,BUY,https://polymarket-upload.s3.us-east-2.amazonaws.com/SOL-logo.png,463.41219,,0.9929764726049412,2026-02-25T01:51:48+00:00,2026-02-28T20:02:27.102835+00:00,2026-02-28T20:02:27.102835+00:00,TRADE
0x9cd924356186a05cd2fad161a174ea2f9a5958434bc7cacaa2089a6764c203d0,"Will Ethereum reach $2,800 in February?",will-ethereum-reach-2800-in-february-2026,No,BUY,https://polymarket-upload.s3.us-east-2.amazonaws.com/ETH+fullsize.jpg,1400.429,,0.9918052407932011,2026-02-25T02:22:24+00:00,2026-02-28T20:02:27.102824+00:00,2026-02-28T20:02:27.102824+00:00,TRADE
0x03b313cd4212453436d94576a471a0474df8b2d4576277b14e65c9e51a8b8bf0,Will the price of XRP be above $1.20 on February 27?,xrp-above-1pt2-on-february-27,No,BUY,https://polymarket-upload.s3.us-east-2.amazonaws.com/XRP-logo.png,13.47,,0.07970414201183432,2026-02-25T06:56:02+00:00,2026-02-28T20:02:27.102813+00:00,2026-02-28T20:02:27.102813+00:00,TRADE
0xad8baece1156f8cde17cbc6a2da1432df75b795804aa52abae8ed26c770a3585,Will the price of XRP be above $1.60 on February 27?,xrp-above-1pt6-on-february-27,Yes,BUY,https://polymarket-upload.s3.us-east-2.amazonaws.com/XRP-logo.png,110.3137,,0.047,2026-02-25T15:02:12+00:00,2026-02-28T20:02:27.102802+00:00,2026-02-28T20:02:27.102802+00:00,TRADE
0x04b000047b3aba4eb7ba15126bd83b743e8141e8632e636a9d11f2c7ef08213e,"Will the price of Bitcoin be above $58,000 on February 27?",bitcoin-above-58k-on-february-27,No,SELL,https://polymarket-upload.s3.us-east-2.amazonaws.com/BTC+fullsize.png,5.8264,,0.009957445354023892,2026-02-25T16:25:14+00:00,2026-02-28T20:02:27.102792+00:00,2026-02-28T20:02:27.102792+00:00,TRADE
0xab1a767f59ace5eaaab3f0a8017d970ed925274647fe50f689791932674cf035,Will the price of Solana be above $70 on February 27?,solana-above-70-on-february-27,No,SELL,https://polymarket-upload.s3.us-east-2.amazonaws.com/SOL-logo.png,3.15744,,0.01066955023147366,2026-02-25T17:12:32+00:00,2026-02-28T20:02:27.102779+00:00,2026-02-28T20:02:27.102779+00:00,TRADE
0x31c71d95af7186cada04addfc13108b46c63951246721b302be39078cfbe76be,Will the price of XRP be above $1.10 on February 27?,xrp-above-1pt1-on-february-27,No,SELL,https://polymarket-upload.s3.us-east-2.amazonaws.com/XRP-logo.png,3.21277,,0.014649445989694952,2026-02-25T17:16:28+00:00,2026-02-28T20:02:27.102768+00:00,2026-02-28T20:02:27.102768+00:00,TRADE
0x122d9c7be4c2cd820a72550a1195c863556d18d4b51dcf0bd34f0af4d0bf7470,Will the price of XRP be above $1.70 on February 27?,xrp-above-1pt7-on-february-27,,,https://polymarket-upload.s3.us-east-2.amazonaws.com/XRP-logo.png,540.19,,,2026-02-25T18:49:40+00:00,2026-02-28T20:02:27.102757+00:00,2026-02-28T20:02:27.102757+00:00,MERGE
0x6e1fbd722b0aca8a4e05c7c2f4ff1428d4c97f2ee02056712463d00c1c705a55,"Will Bitcoin reach $80,000 by December 31, 2026?",will-bitcoin-reach-80000-by-december-31-2026-195-842-488-785,No,SELL,https://polymarket-upload.s3.us-east-2.amazonaws.com/BTC+fullsize.png,37.52,,0.28,2026-02-25T21:36:38+00:00,2026-02-28T20:02:27.102747+00:00,2026-02-28T20:02:27.102747+00:00,TRADE
0xdd8c81f9e1a1cf5c116c19618584bd786b4da24922551cdadd7efb2c33c2ebf6,"Will the price of Ethereum be above $2,500 on February 27?",ethereum-above-2500-on-february-27,Yes,BUY,https://polymarket-upload.s3.us-east-2.amazonaws.com/ETH+fullsize.jpg,2.76198,,0.010068827239254858,2026-02-25T21:36:40+00:00,2026-02-28T20:02:27.102737+00:00,2026-02-28T20:02:27.102737+00:00,TRADE
0xbfccf9f1597b7c4a06d72f39ddb81f0347c4555b98e578f546bdfb2d5af6b18e,"Will Bitcoin reach $80,000 in February?",will-bitcoin-reach-80000-in-february-298,No,BUY,https://polymarket-upload.s3.us-east-2.amazonaws.com/BTC+fullsize.png,914.6633,,0.9828642503304285,2026-02-25T23:41:40+00:00,2026-02-28T20:02:27.102726+00:00,2026-02-28T20:02:27.102726+00:00,TRADE
0xb131126b246e47f007dd3ac41a81c04aa7848ac9dfb7fc23988980a53c475487,Will Dogecoin reach $0.15 in February?,will-dogecoin-reach-0pt15-in-february-2026,No,BUY,https://polymarket-upload.s3.us-east-2.amazonaws.com/dogecoin-up-or-down-on-june-26-bFVnEB4SYmSJ.png,451.22304,,0.984,2026-02-26T00:14:40+00:00,2026-02-28T20:02:27.102715+00:00,2026-02-28T20:02:27.102715+00:00,TRADE
0x247d25e5f89d9e2834cd634a772f53abd9315266fbd12e732f1b92452b9224de,Will the price of Solana be above $60 on February 27?,solana-above-60-on-february-27,No,SELL,https://polymarket-upload.s3.us-east-2.amazonaws.com/SOL-logo.png,4.12632,,0.008,2026-02-26T03:35:16+00:00,2026-02-28T20:02:27.102705+00:00,2026-02-28T20:02:27.102705+00:00,TRADE
0x1eb59980070b5de41b79a2793d5719b33b8d76029d7d637259e889c4d70ca6e5,Will Solana reach $120 in February?,will-solana-reach-120-in-february-2026,No,SELL,https://polymarket-upload.s3.us-east-2.amazonaws.com/SOL-logo.png,713.29384,,0.992201752677702,2026-02-26T09:11:58+00:00,2026-02-28T20:02:27.102694+00:00,2026-02-28T20:02:27.102694+00:00,TRADE
0xb74badd6062de4c876850cb818554e2209e38d2834d293368aa0691ebd2cab55,"Will the price of Bitcoin be above $76,000 on February 27?",bitcoin-above-76k-on-february-27,Yes,SELL,https://polymarket-upload.s3.us-east-2.amazonaws.com/BTC+fullsize.png,100,,0.01,2026-02-26T10:29:22+00:00,2026-02-28T20:02:27.102683+00:00,2026-02-28T20:02:27.102683+00:00,TRADE
0xe9bbfd3490025b7936f0565d6a3c3195b92fb54fc5ade1abb6794919b5914b3c,"Will the price of Bitcoin be above $78,000 on February 27?",bitcoin-above-78k-on-february-27,Yes,SELL,https://polymarket-upload.s3.us-east-2.amazonaws.com/BTC+fullsize.png,0.86576,,0.006771155951822306,2026-02-26T11:03:42+00:00,2026-02-28T20:02:27.102672+00:00,2026-02-28T20:02:27.102672+00:00,TRADE
0x4332e38a3a1d900a26ec2a58b122ec1d76a07ea20929d6a4ca3f76bcda372e04,"Will the price of Bitcoin be above $74,000 on February 27?",bitcoin-above-74k-on-february-27,No,BUY,https://polymarket-upload.s3.us-east-2.amazonaws.com/BTC+fullsize.png,9125.20456,,0.9759775396505384,2026-02-26T11:28:20+00:00,2026-02-28T20:02:27.102661+00:00,2026-02-28T20:02:27.102661+00:00,TRADE
0xafb485266e04357731201da16b86b3b3aef567b3d9c35475eff1e2040b1db54b,"Will the price of Ethereum be above $2,400 on February 27?",ethereum-above-2400-on-february-27,Yes,SELL,https://polymarket-upload.s3.us-east-2.amazonaws.com/ETH+fullsize.jpg,10.72928,,0.006054795912033092,2026-02-26T14:45:58+00:00,2026-02-28T20:02:27.102650+00:00,2026-02-28T20:02:27.102650+00:00,TRADE
0x54f6331b06c8592df993c7834be99f4291a9919fc240624fdc0ff0caa50af0bb,"Will the price of Ethereum be above $2,300 on February 27?",ethereum-above-2300-on-february-27,Yes,SELL,https://polymarket-upload.s3.us-east-2.amazonaws.com/ETH+fullsize.jpg,6.4353,,0.015,2026-02-26T14:46:00+00:00,2026-02-28T20:02:27.102639+00:00,2026-02-28T20:02:27.102639+00:00,TRADE
0xfd9ff93d0c0c94ce45440ff11bc7e33d6532b099ac594c08e3c59ae67030d567,"Will the price of Bitcoin be above $60,000 on February 27?",bitcoin-above-60k-on-february-27,No,BUY,https://polymarket-upload.s3.us-east-2.amazonaws.com/BTC+fullsize.png,7.36729,,0.007131107712560012,2026-02-26T15:18:08+00:00,2026-02-28T20:02:27.102628+00:00,2026-02-28T20:02:27.102628+00:00,TRADE
0xe4f4524ece4525afba6d37da14ed837eb06a13f3ed7c5fba14dfed644ecf7b25,"Will the price of Ethereum be above $1,600 on February 27?",ethereum-above-1600-on-february-27,No,BUY,https://polymarket-upload.s3.us-east-2.amazonaws.com/ETH+fullsize.jpg,1.38446,,0.002,2026-02-26T16:46:38+00:00,2026-02-28T20:02:27.102617+00:00,2026-02-28T20:02:27.102617+00:00,TRADE
0x2627b040596d0da6702bac3368c5ffa5801e2f21c5c488f66f712079f66b32ce,"Will Ethereum dip to $1,200 in February?",will-ethereum-dip-to-1200-in-february-2026,No,BUY,https://polymarket-upload.s3.us-east-2.amazonaws.com/ETH+fullsize.jpg,975.45,,0.9953571428571428,2026-02-26T19:32:04+00:00,2026-02-28T20:02:27.102607+00:00,2026-02-28T20:02:27.102607+00:00,TRADE
0xc16c097d3710be0b3d99837c9320cfaada0753c45ec7465ebc122ad87d7b8d2f,Will the price of Solana be above $100 on February 27?,solana-above-100-on-february-27,Yes,BUY,https://polymarket-upload.s3.us-east-2.amazonaws.com/SOL-logo.png,4.00994,,0.0032491512376939596,2026-02-27T03:42:48+00:00,2026-02-28T20:02:27.102596+00:00,2026-02-28T20:02:27.102596+00:00,TRADE
0x015e2ab7d30c9d662e9a2b614fcb0b9be4bce6a78baf3edc8823ffd39673a015,"Will the price of Bitcoin be above $72,000 on February 27?",bitcoin-above-72k-on-february-27,No,BUY,https://polymarket-upload.s3.us-east-2.amazonaws.com/BTC+fullsize.png,4588.94016,,0.994,2026-02-27T07:52:15+00:00,2026-02-28T20:02:27.102585+00:00,2026-02-28T20:02:27.102585+00:00,TRADE
0xddcfd0baea9146bf38a67b32d9115e65784d881308f1799b531d9f237e271c2f,"Will Bitcoin reach $75,000 in February?",will-bitcoin-reach-75000-in-february-858-936,No,SELL,https://polymarket-upload.s3.us-east-2.amazonaws.com/BTC+fullsize.png,2247.77,,0.985,2026-02-27T08:14:35+00:00,2026-02-28T20:02:27.102575+00:00,2026-02-28T20:02:27.102575+00:00,TRADE
0xa9e4019d95e7034d5d7c3c015820ccae2ae34ea1125afbe4021e5aa729153fb8,"Will the price of Ethereum be above $2,200 on February 27?",ethereum-above-2200-on-february-27,No,BUY,https://polymarket-upload.s3.us-east-2.amazonaws.com/ETH+fullsize.jpg,6116.33661,,0.9920469671730975,2026-02-27T09:08:07+00:00,2026-02-28T20:02:27.102563+00:00,2026-02-28T20:02:27.102563+00:00,TRADE
0x61246bebe631f6d690d6604275aab20d9dfbbb5c75c0759f4e167b8ba9fa9e90,Will the price of XRP be above $1.50 on February 27?,xrp-above-1pt5-on-february-27,No,BUY,https://polymarket-upload.s3.us-east-2.amazonaws.com/XRP-logo.png,427.581,,0.99,2026-02-27T10:11:27+00:00,2026-02-28T20:02:27.102552+00:00,2026-02-28T20:02:27.102552+00:00,TRADE
0x78ea755a9fe810d1912d1adf3f7bb9841d3b558a1aa7de0274cf1b3b4cbd501a,"Will the price of Bitcoin be above $70,000 on February 27?",bitcoin-above-70k-on-february-27,No,BUY,https://polymarket-upload.s3.us-east-2.amazonaws.com/BTC+fullsize.png,579.361,,0.977,2026-02-27T10:34:45+00:00,2026-02-28T20:02:27.102540+00:00,2026-02-28T20:02:27.102540+00:00,TRADE
0xd5f1c5b6c7003b6c94aad131a857496be626a46abee679954a5f8008301ad657,"Will the price of Ethereum be above $1,800 on February 27?",ethereum-above-1800-on-february-27,Yes,BUY,https://polymarket-upload.s3.us-east-2.amazonaws.com/ETH+fullsize.jpg,4176.3,,0.9919952494061758,2026-02-27T11:20:39+00:00,2026-02-28T20:02:27.102529+00:00,2026-02-28T20:02:27.102529+00:00,TRADE
0xc033053b770ad78512fb4713c53ac773bdb39fc11857f9c4663bd698ef2c2b76,Will the price of Solana be above $90 on February 27?,solana-above-90-on-february-27,Yes,SELL,https://polymarket-upload.s3.us-east-2.amazonaws.com/SOL-logo.png,4.75,,0.02,2026-02-27T11:40:47+00:00,2026-02-28T20:02:27.102518+00:00,2026-02-28T20:02:27.102518+00:00,TRADE
0x6e4da732bf9e9e24036ce4bf3943f06d89802f7d40748977f0def2f1d0d4a329,"Will the price of Ethereum be above $2,100 on February 27?",ethereum-above-2100-on-february-27,No,BUY,https://polymarket-upload.s3.us-east-2.amazonaws.com/ETH+fullsize.jpg,699.16801,,0.9824052747685088,2026-02-27T13:20:59+00:00,2026-02-28T20:02:27.102507+00:00,2026-02-28T20:02:27.102507+00:00,TRADE
0x07463573df5a5378cde51f351bd1c0f328cc976b27f25b29d23716d80f5cc6cc,Will the price of XRP be above $1.40 on February 27?,xrp-above-1pt4-on-february-27,No,BUY,https://polymarket-upload.s3.us-east-2.amazonaws.com/XRP-logo.png,2059.2,,0.88,2026-02-27T13:32:09+00:00,2026-02-28T20:02:27.102497+00:00,2026-02-28T20:02:27.102497+00:00,TRADE
0x2aaa56c1ee64c5bdbe217fd0de6fc0c60ff636fd7d83b24833b699a7994b954c,"Will the price of Ethereum be above $2,000 on February 27?",ethereum-above-2000-on-february-27,,,https://polymarket-upload.s3.us-east-2.amazonaws.com/ETH+fullsize.jpg,1e-06,,,2026-02-27T14:11:49+00:00,2026-02-28T20:02:27.102487+00:00,2026-02-28T20:02:27.102487+00:00,MERGE
0xd339236ef1e1bd2bd50d6f4abfae5c11fcb501f3124f399da187c0247d816d2f,"Will the price of Bitcoin be above $68,000 on February 27?",bitcoin-above-68k-on-february-27,No,SELL,https://polymarket-upload.s3.us-east-2.amazonaws.com/BTC+fullsize.png,2934.00953,,0.9783358108423531,2026-02-27T15:15:43+00:00,2026-02-28T20:02:27.102477+00:00,2026-02-28T20:02:27.102477+00:00,TRADE
0x20d17b853098388e804bbf480ebbb4f905ae5f5ca5a761c41b9bfa7220f1a42a,"Will the price of Bitcoin be above $62,000 on February 27?",bitcoin-above-62k-on-february-27,No,SELL,https://polymarket-upload.s3.us-east-2.amazonaws.com/BTC+fullsize.png,8.39466,,0.002,2026-02-27T15:33:17+00:00,2026-02-28T20:02:27.102467+00:00,2026-02-28T20:02:27.102467+00:00,TRADE
0xa48a084284d02fdc75725a05d7ca3aa8b59e4cc2b87d693daf1241e8ebe70494,"Will the price of Ethereum be above $1,700 on February 27?",ethereum-above-1700-on-february-27,,,https://polymarket-upload.s3.us-east-2.amazonaws.com/ETH+fullsize.jpg,1706.92,,,2026-02-27T16:11:09+00:00,2026-02-28T20:02:27.102457+00:00,2026-02-28T20:02:27.102457+00:00,MERGE
0xd87ddb94019c08e98813341ad871e3ef5ba1772c1c86ff55731631cbb353d4a5,Will the price of XRP be above $1.30 on February 27?,xrp-above-1pt3-on-february-27,No,SELL,https://polymarket-upload.s3.us-east-2.amazonaws.com/XRP-logo.png,2.6958,,0.001,2026-02-27T16:38:35+00:00,2026-02-28T20:02:27.102448+00:00,2026-02-28T20:02:27.102448+00:00,TRADE
0x02bdde1f34b253c7a13676b781a957bc616eee59ac2653e9632cd0b82ebba565,"Will the price of Bitcoin be above $66,000 on February 27?",bitcoin-above-66k-on-february-27,No,SELL,https://polymarket-upload.s3.us-east-2.amazonaws.com/BTC+fullsize.png,4278.45,,0.6701307854961234,2026-02-27T16:40:09+00:00,2026-02-28T20:02:27.102438+00:00,2026-02-28T20:02:27.102438+00:00,TRADE
0x2f845850641bf693e3fef5ac4f8cec5e1a0d75010d9e50f43376719deef69944,"Will the price of Ethereum be above $1,900 on February 27?",ethereum-above-1900-on-february-27,Yes,BUY,https://polymarket-upload.s3.us-east-2.amazonaws.com/ETH+fullsize.jpg,1035.79921,,0.9929913527815858,2026-02-27T16:45:35+00:00,2026-02-28T20:02:27.102429+00:00,2026-02-28T20:02:27.102429+00:00,TRADE
0x654e5ff481d054ba9fa35b33dab037c5a660189835bc4860a779071ab9542b29,Will the price of Solana be above $80 on February 27?,solana-above-80-on-february-27,Yes,BUY,https://polymarket-upload.s3.us-east-2.amazonaws.com/SOL-logo.png,576.8738,,0.9953307567548915,2026-02-27T16:47:27+00:00,2026-02-28T20:02:27.102419+00:00,2026-02-28T20:02:27.102419+00:00,TRADE
0xedf54fcd849e8bd3dfa4fc206284203cb3e145f35121f5063bcb27eb8576b5b2,"Will the price of Bitcoin be above $64,000 on February 27?",bitcoin-above-64k-on-february-27,Yes,BUY,https://polymarket-upload.s3.us-east-2.amazonaws.com/BTC+fullsize.png,1996,,0.998,2026-02-27T16:49:03+00:00,2026-02-28T20:02:27.102408+00:00,2026-02-28T20:02:27.102408+00:00,TRADE
0xf9adc36a90457f77e8fbd4c6cad5a5a1b4c697975ffa380bd9032c692c817654,Will XRP reach $2.00 in February?,will-xrp-reach-2-in-february-2026,No,BUY,https://polymarket-upload.s3.us-east-2.amazonaws.com/XRP-logo.png,576.63672,,0.996073171995647,2026-02-27T18:17:09+00:00,2026-02-28T20:02:27.102397+00:00,2026-02-28T20:02:27.102397+00:00,TRADE
0xbbd9ad8059ee525d18dab0a2c74b54adfb81e19e86b12d52b8ba5028451ea665,Will XRP reach $1.80 in February?,will-xrp-reach-1pt8-in-february-2026,,,https://polymarket-upload.s3.us-east-2.amazonaws.com/XRP-logo.png,65.08,,,2026-02-27T21:11:47+00:00,2026-02-28T20:02:27.102386+00:00,2026-02-28T20:02:27.102386+00:00,MERGE
0xcf25ccc8360f3952139fb5e3f14cb9bb0636cb53d0e30e947321ceccab7e9780,"Will Ethereum dip to $1,500 by December 31, 2026?",will-ethereum-dip-to-1500-by-december-31-2026,Yes,BUY,https://polymarket-upload.s3.us-east-2.amazonaws.com/ETH+fullsize.jpg,100.8787,,0.73,2026-02-27T22:35:13+00:00,2026-02-28T20:02:27.102376+00:00,2026-02-28T20:02:27.102376+00:00,TRADE
0x5b65416cc58c3d0d3c2ddf400d4db75a327d457f71fa6db27f4a6e53fa50fa1b,Will XRP dip to $0.80 in February?,will-xrp-dip-to-0pt8-in-february-2026,Yes,SELL,https://polymarket-upload.s3.us-east-2.amazonaws.com/XRP-logo.png,2.48005,,0.003652019614484089,2026-02-27T22:38:21+00:00,2026-02-28T20:02:27.102365+00:00,2026-02-28T20:02:27.102365+00:00,TRADE
0xa0290b03c4596bf3b8849e146f85cddf91b3378cfa0cd5f715de29d13aa01dd1,"Will the price of Ethereum be above $1,700 on March 6?",ethereum-above-1700-on-march-6,No,BUY,https://polymarket-upload.s3.us-east-2.amazonaws.com/ETH+fullsize.jpg,337.4538,,0.0799778638365242,2026-02-28T00:16:49+00:00,2026-02-28T20:02:27.102354+00:00,2026-02-28T20:02:27.102354+00:00,TRADE
0x08a4d8b28a5370dbfaa38b6c18fa9cf970e4cc7a0ac0d7736e271e4ea9ae57fb,"Will the price of Ethereum be above $1,600 on March 6?",ethereum-above-1600-on-march-6,No,BUY,https://polymarket-upload.s3.us-east-2.amazonaws.com/ETH+fullsize.jpg,214.71,,0.051,2026-02-28T06:17:25+00:00,2026-02-28T20:02:27.102343+00:00,2026-02-28T20:02:27.102343+00:00,TRADE
0xdaa4866bae18be58c5a79d2aeeffd035ec78f1bb49dbd88f72993997778a990f,"Will Bitcoin reach $100,000 by December 31, 2026?",will-bitcoin-reach-100000-by-december-31-2026-571-361-361,No,BUY,https://polymarket-upload.s3.us-east-2.amazonaws.com/BTC+fullsize.png,192,,0.64,2026-02-28T06:36:51+00:00,2026-02-28T20:02:27.102332+00:00,2026-02-28T20:02:27.102332+00:00,TRADE
0x2db7aa8341118ae2796a407768b26bd5abce3ba5c4cc82788a10546be791e486,"Will the price of Ethereum be above $1,500 on March 6?",ethereum-above-1500-on-march-6,No,BUY,https://polymarket-upload.s3.us-east-2.amazonaws.com/ETH+fullsize.jpg,159.063,,0.037,2026-02-28T06:36:59+00:00,2026-02-28T20:02:27.102322+00:00,2026-02-28T20:02:27.102322+00:00,TRADE
0xc2eb25cc0589fc71930ed14485a4c6d90e1dbcc31e0a0854083520514954dbd0,"Will Dogecoin reach $0.16 by December 31, 2026?",will-dogecoin-reach-0pt16-by-december-31-2026,No,BUY,https://polymarket-upload.s3.us-east-2.amazonaws.com/dogecoin-up-or-down-on-june-26-bFVnEB4SYmSJ.png,52.08346,,0.538497311827957,2026-02-28T06:50:43+00:00,2026-02-28T20:02:27.102301+00:00,2026-02-28T20:02:27.102301+00:00,TRADE
0x81a9e4cf96f0fb76584008aa5a220098e1a519ef34a93d210ebfd8c0b8ceb886,Will the price of Solana be above $50 on March 6?,solana-above-50-on-march-6,No,BUY,https://polymarket-upload.s3.us-east-2.amazonaws.com/SOL-logo.png,43.7871,,0.014,2026-02-28T06:56:01+00:00,2026-02-28T20:02:27.102291+00:00,2026-02-28T20:02:27.102291+00:00,TRADE
0xafce7055487797b654c401e6645c8c56900540cc3b38ef50cacf61b942bf31d5,"Will XRP dip to $1.00 by December 31, 2026?",will-xrp-dip-to-1pt00-by-december-31-2026,Yes,BUY,https://polymarket-upload.s3.us-east-2.amazonaws.com/XRP-logo.png,131.4565,,0.7665549011604175,2026-02-28T06:56:03+00:00,2026-02-28T20:02:27.102251+00:00,2026-02-28T20:02:27.102251+00:00,TRADE
0x1421228b22a961dd1ff5ca0d6a85e6a737d0b0b8db7854da1baa6722f8665630,"Will the price of Bitcoin be above $66,000 on March 6?",bitcoin-above-66k-on-march-6,No,BUY,https://polymarket-upload.s3.us-east-2.amazonaws.com/BTC+fullsize.png,3500,,0.7,2026-02-28T07:06:01+00:00,2026-02-28T20:02:27.102240+00:00,2026-02-28T20:02:27.102240+00:00,TRADE
0xa31754e4e3d25202e95d88d99c52340ab5f4fcf03deb3006972fb2102af12c8d,"Will Bitcoin dip to $50,000 in February?",will-bitcoin-dip-to-50k-in-february-2026-273-489-988,Yes,SELL,https://polymarket-upload.s3.us-east-2.amazonaws.com/BTC+fullsize.png,25.89048,,0.024,2026-02-28T07:29:53+00:00,2026-02-28T20:02:27.102229+00:00,2026-02-28T20:02:27.102229+00:00,TRADE
0x752fa61c93f16c4b15e85b0bd438d9c684176b0ea7b319a84c8aca34616e8a8c,"Will Bitcoin dip to $55,000 by December 31, 2026?",will-bitcoin-dip-to-55000-by-december-31-2026-527-627-868-745-188-361-314-673-612-946-821-624-855-557-684-381,Yes,BUY,https://polymarket-upload.s3.us-east-2.amazonaws.com/BTC+fullsize.png,457.5802,,0.77,2026-02-28T08:20:43+00:00,2026-02-28T20:02:27.102218+00:00,2026-02-28T20:02:27.102218+00:00,TRADE
0xdadc8a0505b8a480074f7d4a807e3b10b6b00b2f04d0852f6ec48cb6be618d3f,Will Dogecoin dip to $0.05 in February?,will-dogecoin-dip-to-0pt05-in-february-2026,No,BUY,https://polymarket-upload.s3.us-east-2.amazonaws.com/dogecoin-up-or-down-on-june-26-bFVnEB4SYmSJ.png,316.49972,,0.9940942270243106,2026-02-28T08:56:59+00:00,2026-02-28T20:02:27.102208+00:00,2026-02-28T20:02:27.102208+00:00,TRADE
0x5e27b3f969ef1c59aaf32ec22bd88f3f895aeefb62dbeff0d3a5332e68538e41,"Will Bitcoin reach $75,000 by December 31, 2026?",will-bitcoin-reach-75000-by-december-31-2026-887-423-442-296-878,No,BUY,https://polymarket-upload.s3.us-east-2.amazonaws.com/BTC+fullsize.png,27.6,,0.23,2026-02-28T09:49:15+00:00,2026-02-28T20:02:27.102197+00:00,2026-02-28T20:02:27.102197+00:00,TRADE
0xee483d462c5ef89bfb5e7662abb62714354a0f6f3a6c6c0df74933607ae9b81b,"Will Bitcoin dip to $55,000 in February?",will-bitcoin-dip-to-55k-in-february-2026-644-513-935,Yes,SELL,https://polymarket-upload.s3.us-east-2.amazonaws.com/BTC+fullsize.png,45.2326,,0.02,2026-02-28T10:00:51+00:00,2026-02-28T20:02:27.102187+00:00,2026-02-28T20:02:27.102187+00:00,TRADE
0x3edd46da22ccf2e865d8fd6700ab3973c87aad15e50701852e28eea4e33c2b8e,"Will the price of Ethereum be above $2,000 on March 6?",ethereum-above-2000-on-march-6,No,BUY,https://polymarket-upload.s3.us-east-2.amazonaws.com/ETH+fullsize.jpg,4000,,0.8,2026-02-28T10:05:35+00:00,2026-02-28T20:02:27.102177+00:00,2026-02-28T20:02:27.102177+00:00,TRADE
0x63069ed35abe990ef814a9dcf37a959f54fcf589730cf4bd0ff38ba6137c007e,Will the price of Solana be above $100 on March 6?,solana-above-100-on-march-6,No,BUY,https://polymarket-upload.s3.us-east-2.amazonaws.com/SOL-logo.png,886.34,,0.974,2026-02-28T10:41:19+00:00,2026-02-28T20:02:27.102167+00:00,2026-02-28T20:02:27.102167+00:00,TRADE
0xacf1e49d6b41bff7c046aca25dc0044b3a1624e37bc9710a3192972af33f3e6c,Will XRP dip to $1.00 in February?,will-xrp-dip-to-1-in-february-2026,No,BUY,https://polymarket-upload.s3.us-east-2.amazonaws.com/XRP-logo.png,1097.66977,,0.9910970989499156,2026-02-28T11:52:57+00:00,2026-02-28T20:02:27.102157+00:00,2026-02-28T20:02:27.102157+00:00,TRADE
0xd9a4a7a1f0bc979b15fcf651087f040d0a7994198637ef2131ba5df43aa42387,Will the price of Solana be above $60 on March 6?,solana-above-60-on-march-6,No,BUY,https://polymarket-upload.s3.us-east-2.amazonaws.com/SOL-logo.png,6.98534,,0.030511662444308554,2026-02-28T11:56:05+00:00,2026-02-28T20:02:27.102147+00:00,2026-02-28T20:02:27.102147+00:00,TRADE
0xe00d6ce6106b54b8f13fbe935e529ea7aab9e3ace9ae3fcc4f7c65372eb0b8ef,"Will Bitcoin dip to $60,000 in February?",will-bitcoin-dip-to-60000-in-february-694,Yes,BUY,https://polymarket-upload.s3.us-east-2.amazonaws.com/BTC+fullsize.png,700,,0.07,2026-02-28T12:53:31+00:00,2026-02-28T20:02:27.102137+00:00,2026-02-28T20:02:27.102137+00:00,TRADE
0xfb4d49cc8dee48431b1c169fa387b58e089b960036f194ac0ee455dbad8f383d,"Will Ethereum dip to $1,400 in February?",will-ethereum-dip-to-1400-in-february-2026,No,BUY,https://polymarket-upload.s3.us-east-2.amazonaws.com/ETH+fullsize.jpg,699.92105,,0.9959602851613638,2026-02-28T12:58:57+00:00,2026-02-28T20:02:27.102126+00:00,2026-02-28T20:02:27.102126+00:00,TRADE
0xd6f7aee739a1cf96d0ef441205a07aa26fbb152e8652acef300247531716999a,Will the price of XRP be above $1.10 on March 6?,xrp-above-1pt1-on-march-6,No,SELL,https://polymarket-upload.s3.us-east-2.amazonaws.com/XRP-logo.png,3.68198,,0.1057128911857594,2026-02-28T13:49:05+00:00,2026-02-28T20:02:27.102116+00:00,2026-02-28T20:02:27.102116+00:00,TRADE
0xc9f446372996f42d1eda7487411461fe2397d6a1a1359fd0acb5d74cf06d8fd8,Will the price of Solana be above $90 on March 6?,solana-above-90-on-march-6,Yes,BUY,https://polymarket-upload.s3.us-east-2.amazonaws.com/SOL-logo.png,22.709,,0.1046063844488461,2026-02-28T13:49:17+00:00,2026-02-28T20:02:27.102106+00:00,2026-02-28T20:02:27.102106+00:00,TRADE
0xa2e0e21aab2d6dbdae148134b816c461b6582d216fdc2a783a107b44018713ee,"Will Ethereum dip to $1,600 in February?",will-ethereum-dip-to-1600-in-february-2026,No,BUY,https://polymarket-upload.s3.us-east-2.amazonaws.com/ETH+fullsize.jpg,588.0392,,0.98,2026-02-28T13:49:19+00:00,2026-02-28T20:02:27.102097+00:00,2026-02-28T20:02:27.102097+00:00,TRADE
0x547a247e39ce43cddb6018e9ac3a4430674d89c08c4f994e7f1f700ce9686c16,Will the price of XRP be above $1.00 on March 6?,xrp-above-1-on-march-6,No,SELL,https://polymarket-upload.s3.us-east-2.amazonaws.com/XRP-logo.png,3.2376,,0.04308183632734531,2026-02-28T13:49:27+00:00,2026-02-28T20:02:27.102087+00:00,2026-02-28T20:02:27.102087+00:00,TRADE
0x9d37bbd501c84df742cedbb214170382fcfd58190fd8fc23313228459b460fdd,Will the price of Solana be above $70 on March 6?,solana-above-70-on-march-6,No,SELL,https://polymarket-upload.s3.us-east-2.amazonaws.com/SOL-logo.png,5.1092,,0.17654457498272288,2026-02-28T13:59:21+00:00,2026-02-28T20:02:27.102077+00:00,2026-02-28T20:02:27.102077+00:00,TRADE
0xf1ce9ef511f5a5e3d1967ad5a96a2b850684d37ee99a4c1660c63370c7a1c6a5,"Will the price of Bitcoin be above $68,000 on March 6?",bitcoin-above-68k-on-march-6,No,BUY,https://polymarket-upload.s3.us-east-2.amazonaws.com/BTC+fullsize.png,316.16,,0.76,2026-02-28T15:30:59+00:00,2026-02-28T20:02:27.102066+00:00,2026-02-28T20:02:27.102066+00:00,TRADE
0x0575450c9e044da1bd2821c2a87bd02bbbb7c3a0d22e1d0487d2f215b83a8041,"Will the price of Ethereum be above $2,100 on March 6?",ethereum-above-2100-on-march-6,No,BUY,https://polymarket-upload.s3.us-east-2.amazonaws.com/ETH+fullsize.jpg,401.07,,0.87,2026-02-28T17:07:05+00:00,2026-02-28T20:02:27.102055+00:00,2026-02-28T20:02:27.102055+00:00,TRADE
0x1dbfb6041c6b374e695f3cab99c10ce7515d3ebde90a339c87c1f91f1c7b1007,"Will the price of Bitcoin be above $62,000 on March 6?",bitcoin-above-62k-on-march-6,Yes,BUY,https://polymarket-upload.s3.us-east-2.amazonaws.com/BTC+fullsize.png,4810.93,,0.7599533058686752,2026-02-28T17:32:17+00:00,2026-02-28T20:02:27.102044+00:00,2026-02-28T20:02:27.102044+00:00,TRADE
0x5f5b7d846014fc9808d92ae5bfa397e9312e14a2baf45befabae07e9f0be39b9,Will Solana dip to $60 in February?,will-solana-dip-to-60-in-february-2026,No,BUY,https://polymarket-upload.s3.us-east-2.amazonaws.com/SOL-logo.png,224.27142,,0.9901170809235795,2026-02-28T17:37:53+00:00,2026-02-28T20:02:27.102031+00:00,2026-02-28T20:02:27.102031+00:00,TRADE
0x671a7832d37fb89cea21981773f5f875467fb60705200e82fad6ff8d6583ad9a,"Will the price of Bitcoin be above $72,000 on March 6?",bitcoin-above-72k-on-march-6,No,BUY,https://polymarket-upload.s3.us-east-2.amazonaws.com/BTC+fullsize.png,5055.77942,,0.9429961241466781,2026-02-28T17:38:43+00:00,2026-02-28T20:02:27.102018+00:00,2026-02-28T20:02:27.102018+00:00,TRADE
0x25c6d30f929e3025a5e60e12874f7e558b9d14c3d412d2b3288a0146229c5269,"Will the price of Bitcoin be above $70,000 on March 6?",bitcoin-above-70k-on-march-6,No,BUY,https://polymarket-upload.s3.us-east-2.amazonaws.com/BTC+fullsize.png,907.6014,,0.87,2026-02-28T17:38:45+00:00,2026-02-28T20:02:27.102003+00:00,2026-02-28T20:02:27.102003+00:00,TRADE
0xa1bdf83315d8dce466379070eab4cc6b813228c18cfc8928a2bd70972ed23bea,"Will the price of Bitcoin be above $56,000 on March 6?",bitcoin-above-56k-on-march-6,No,SELL,https://polymarket-upload.s3.us-east-2.amazonaws.com/BTC+fullsize.png,29.266,,0.03626517967781908,2026-02-28T18:37:29+00:00,2026-02-28T20:02:27.101984+00:00,2026-02-28T20:02:27.101984+00:00,TRADE
0x1e3405759d88ab7f0a63168d82b622515daf0dab27890ba44e4ab50f0f8160aa,"Will the price of Bitcoin be above $60,000 on March 6?",bitcoin-above-60k-on-march-6,Yes,BUY,https://polymarket-upload.s3.us-east-2.amazonaws.com/BTC+fullsize.png,279.9,,0.9,2026-02-28T19:32:27+00:00,2026-02-28T20:02:27.101971+00:00,2026-02-28T20:02:27.101971+00:00,TRADE
0xa722ade580c2f862f02fdf382e7bfc5ff1837973d955859c2f771323fe282b43,"Will the price of Bitcoin be above $58,000 on March 6?",bitcoin-above-58k-on-march-6,No,SELL,https://polymarket-upload.s3.us-east-2.amazonaws.com/BTC+fullsize.png,10.56,,0.05151219512195122,2026-02-28T19:38:19+00:00,2026-02-28T20:02:27.101961+00:00,2026-02-28T20:02:27.101961+00:00,TRADE
0xc51c7e884e01c1145a749da8d17114858b36393cd56969db9da2d645d8809396,"Will the price of Ethereum be above $1,400 on March 6?",ethereum-above-1400-on-march-6,No,SELL,https://polymarket-upload.s3.us-east-2.amazonaws.com/ETH+fullsize.jpg,6.45582,,0.015397395535203206,2026-02-28T19:39:45+00:00,2026-02-28T20:02:27.101949+00:00,2026-02-28T20:02:27.101949+00:00,TRADE
0x3d99626ab9e7698708a872c9bd39d3360b3b410de4c86a10e71ffd7ce8a12022,"Will the price of Bitcoin be above $64,000 on March 6?",bitcoin-above-64k-on-march-6,Yes,BUY,https://polymarket-upload.s3.us-east-2.amazonaws.com/BTC+fullsize.png,101.5,,0.7,2026-02-28T19:49:27+00:00,2026-02-28T20:02:27.101935+00:00,2026-02-28T20:02:27.101935+00:00,TRADE
0x90a0cea0ad32912dfb01e7370a022668947ce4128d7dff12982cc10af38c257a,"Will the price of Bitcoin be above $74,000 on March 6?",bitcoin-above-74k-on-march-6,No,BUY,https://polymarket-upload.s3.us-east-2.amazonaws.com/BTC+fullsize.png,5581.75604,,0.9569632387986517,2026-02-28T19:54:13+00:00,2026-02-28T20:02:27.101921+00:00,2026-02-28T20:02:27.101921+00:00,TRADE
0x448e268ccf1682168a011b85a68fabbdb4a9162ce3a286ed88c0190aecd0b5ab,"Will the price of Bitcoin be above $76,000 on March 6?",bitcoin-above-76k-on-march-6,No,BUY,https://polymarket-upload.s3.us-east-2.amazonaws.com/BTC+fullsize.png,6377.481,,0.981,2026-02-28T19:57:19+00:00,2026-02-28T20:02:27.101892+00:00,2026-02-28T20:02:27.101892+00:00,TRADE
